characterKey,characterName,characterType,targetPolicyId,triggerId,maxHp,maxMp,hpRegen,mpRegen,atk,magicAtk,def,magicDef,moveSpeed,attackIntervalFrames ,atkRange,acquisitionRange
0,방패병,TOWER,,,150,0,1,0,5,0,10,0,3,45,80,250
1,창병,TOWER,,,110,0,1,0,8,0,5,0,4,35,140,320
2,궁병,TOWER,,,80,0,1,0,6,0,2,0,5,30,350,450
,,,,,,,,,,,,,,,,
,,,,,,,,,,,,,,,,
,,,,,,,,,,,,,,,,
,,,,,,,,,,,,,,,,
,,,,,,,,,,,,,,,,
500,자동 석궁,MACHINE,,,500,0,0,0,18,0,8,0,0,25,320,420
501,대포,MACHINE,,,700,0,0,0,45,0,12,0,0,70,420,500
,,,,,,,,,,,,,,,,
,,,,,,,,,,,,,,,,
,,,,,,,,,,,,,,,,
,,,,,,,,,,,,,,,,
,,,,,,,,,,,,,,,,
750,가시 함정,TRAP,,RANGE,1,0,0,0,35,0,0,0,0,1,70,70
751,폭발 함정,TRAP,,RANGE,1,0,0,0,80,0,0,0,0,1,130,130
,,,,,,,,,,,,,,,,
,,,,,,,,,,,,,,,,
,,,,,,,,,,,,,,,,
,,,,,,,,,,,,,,,,
,,,,,,,,,,,,,,,,
,,,,,,,,,,,,,,,,
,,,,,,,,,,,,,,,,
,,,,,,,,,,,,,,,,
,,,,,,,,,,,,,,,,
,,,,,,,,,,,,,,,,
,,,,,,,,,,,,,,,,
,,,,,,,,,,,,,,,,
,,,,,,,,,,,,,,,,
1000,고블린,ENEMY,DEFAULT,,100,0,2,0,6,0,0,0,5,30,60,120
1001,오크,ENEMY,DEFAULT,,220,0,5,0,30,0,5,0,2,50,120,120
1002,해골병,ENEMY,CP_RUSH,,120,0,0,0,8,0,2,0,4,35,80,180
,,,,,,,,,,,,,,,,
,,,,,,,,,,,,,,,,
,,,,,,,,,,,,,,,,
,,,,,,,,,,,,,,,,
,,,,,,,,,,,,,,,,
,,,,,,,,,,,,,,,,
,,,,,,,,,,,,,,,,
,,,,,,,,,,,,,,,,
,,,,,,,,,,,,,,,,
,,,,,,,,,,,,,,,,
20000,지휘소,COMMAND_POST,,,1000,0,0,0,0,0,0,0,0,0,0,0
